{
    "Music": 0.10625,
    "SFX": 0.18520047169811313
}