{
    "Music": 0.04375,
    "SFX": 0.18520047169811313
}