{
    "Music": 0.159375,
    "SFX": 0.5414504716981131
}