{
    "Music": 0.21875,
    "SFX": 0.5477004716981131
}