{
    "Music": 0.22957940251572317,
    "SFX": 0.6539504716981132
}